{
    "1.obj": [[0.997408151627, 0.071488678455, -0.008146025240, 1.679594278336], [-0.071842610836, 0.983277738094, -0.167342498899, 1.613908886909], [-0.003953288309, 0.167493999004, 0.985865175724, 60.265380859375], [0.000000000000, 0.000000000000, 0.000000000000, 1.000000000000]],
    "2.obj": [[0.795023322105, -0.118092492223, 0.594972372055, -9.381304740906], [0.367333620787, 0.874287724495, -0.317312151194, 6.492290973663], [-0.482704848051, 0.470823913813, 0.738458454609, 17.242511749268], [0.000000000000, 0.000000000000, 0.000000000000, 1.000000000000]],
    "3.obj": [[0.387317329645, -0.444835513830, 0.807531237602, -3.129185914993], [0.090864300728, 0.890052020550, 0.446711421013, 4.085943698883], [-0.917457878590, -0.099643312395, 0.385152220726, 32.330341339111], [0.000000000000, 0.000000000000, 0.000000000000, 1.000000000000]],
    "4.obj": [[-0.830836443048, 0.476520118271, 0.287470662480, 55.291999376772], [0.488530706895, 0.871908378798, -0.033369558017, 13.740082607185], [0.266549345007, -0.112713601064, 0.957207966333, -285.750439446711], [0.000000000000, 0.000000000000, 0.000000000000, 1.000000000000]],
    "5.obj": [[0.933785498142, -0.351322263479, -0.067950561643, 1.365363359451], [0.357095927000, 0.927089571953, 0.113962359726, -3.088489532471], [0.022958748043, -0.130681261420, 0.991158545017, 17.942310333252], [0.000000000000, 0.000000000000, 0.000000000000, 1.000000000000]],
    "6.obj": [[0.997782409191, -0.011670372449, 0.065529346466, -0.340854376554], [0.020598564297, 0.990318894386, -0.137274309993, 5.354675769806], [-0.063292905688, 0.138319700956, 0.988363146782, 51.838088989258], [0.000000000000, 0.000000000000, 0.000000000000, 1.000000000000]],
    "7.obj": [[0.399897192107, 0.904246143650, -0.149736927441, 6.235250076608], [0.857928720958, -0.311795211832, 0.408340612276, 5.530549228870], [0.322553166935, -0.291757874913, -0.900464767177, 64.592826886361], [0.000000000000, 0.000000000000, 0.000000000000, 1.000000000000]],
    "8.obj": [[0.519426047802, -0.023326680064, 0.854196965694, -10.925547599792], [0.436814695597, 0.866399228573, -0.241961419582, -0.832868993282], [-0.734431385994, 0.498806864023, 0.460219740868, 40.733924865723], [0.000000000000, 0.000000000000, 0.000000000000, 1.000000000000]],
    "9.obj": [[0.896024048328, 0.427920490503, -0.118427097797, 0.753258943558], [-0.432862102985, 0.901271820068, -0.018426258117, -5.199536323547], [0.098850026727, 0.067772969604, 0.992791771889, 23.870601654053], [0.000000000000, 0.000000000000, 0.000000000000, 1.000000000000]],
    "10.obj":[[0.919271409512, -0.219446837902, -0.326776951551, 44.020210266113], [0.301532477140, 0.926222860813, 0.226250618696, 15.497343063354], [-0.253018319607, 0.306519597769, -0.917620539665, -279.329467773438], [0.000000000000, 0.000000000000, 0.000000000000, 1.000000000000]],
    "11.obj": [[0.969474494457, 0.106566436589, 0.220822885633, 4.010877609253], [-0.061697937548, 0.977659642696, -0.200935363770, 1.668197035789], [-0.237302586436, 0.181177392602, 0.954391002655, 36.614303588867], [0.000000000000, 0.000000000000, 0.000000000000, 1.000000000000]],
    "12.obj": [[0.016877871007, -0.094089999795, -0.995420575142, 41.696303738873], [0.949098110199, 0.314684599638, -0.013652443886, 41.457928685197], [0.314528077841, -0.944521427155, 0.094611823559, -263.862835101485], [0.000000000000, 0.000000000000, 0.000000000000, 1.000000000000]],
    "13.obj": [[0.377283215523, -0.871720135212, 0.312668114901, 24.440542221069], [-0.218960195780, -0.412011146545, -0.884479105473, 6.560918807983], [0.899841010571, 0.265237241983, -0.346316903830, 60.511024475098], [0.000000000000, 0.000000000000, 0.000000000000, 1.000000000000]],
    "14.obj": [[0.140976831317, 0.355056583881, 0.924153864384, -9.170889854431], [-0.756488978863, 0.640794932842, -0.130791023374, -1.189171314240], [-0.638631343842, -0.680673718452, 0.358933627605, 40.267692565918], [0.000000000000, 0.000000000000, 0.000000000000, 1.000000000000]],
    "15.obj": [[0.992851495743, 0.106735616922, -0.053417295218, 1.556874731148], [-0.107910208404, 0.993967354298, -0.019602257758, 43.352637357853], [0.051002789289, 0.025226391852, 0.998379826546, 86.592142366788], [0.000000000000, 0.000000000000, 0.000000000000, 1.000000000000]],
    "16.obj": [[0.974459767342, -0.120360754430, 0.189582362771, -7.719002246857], [0.169981643558, 0.947031259537, -0.272466659546, 2.081873178482], [-0.146746128798, 0.297733306885, 0.943302929401, 29.519252777100], [0.000000000000, 0.000000000000, 0.000000000000, 1.000000000000]],
    "17.obj": [[0.758965730667, 0.086306162179, 0.645385324955, -5.203350543976], [0.081782288849, 0.970691978931, -0.225983843207, 1.568126082420], [-0.645974159241, 0.224295094609, 0.729663670063, 64.382583618164], [0.000000000000, 0.000000000000, 0.000000000000, 1.000000000000]],
    "18.obj": [[0.969143629074, -0.020832125098, 0.245615288615, -8.310614790265], [0.122290946543, 0.905784785748, -0.405707895756, -2.024400209459], [-0.214022830129, 0.423225700855, 0.880383014679, 41.356941994346], [0.000000000000, 0.000000000000, 0.000000000000, 1.000000000000]],
    "19.obj": [[0.993199706078, 0.107217743993, -0.045372087508, 3.108394509962], [-0.081466265023, 0.918448567390, 0.387059837580, -4.518688900865], [0.083171628416, -0.380731463432, 0.920937597752, 41.827414742628], [0.000000000000, 0.000000000000, 0.000000000000, 1.000000000000]],
    "20.obj": [[0.087306186557, 0.522318840027, -0.848269164562, 50.307164996393], [0.981981039047, 0.098140485585, 0.161497950554, 19.601039248821], [0.167603075504, -0.847083866596, -0.504339098930, -301.826896074089], [0.000000000000, 0.000000000000, 0.000000000000, 1.000000000000]],
    "21.obj": [[0.795829355717, 0.605509340763, 0.003752514953, 7.152418613434], [-0.347650229931, 0.451829999685, 0.821577131748, 11.090143203735], [0.495777130127, -0.655139744282, 0.570085048676, 24.096349716187], [0.000000000000, 0.000000000000, 0.000000000000, 1.000000000000]],
    "22.obj": [[-0.206999808550, 0.436084270477, -0.875774860382, 2.378729104996], [0.929989039898, 0.365644305944, -0.037744645029, -2.524326801300], [0.303762257099, -0.822274148464, -0.481241881847, 32.091983795166], [0.000000000000, 0.000000000000, 0.000000000000, 1.000000000000]],
    "23.obj": [[0.950274288654, 0.257379561663, 0.175312623382, 2.555136203766], [-0.304470330477, 0.649658441544, 0.696592926979, -22.154466629028], [0.065395452082, -0.715331852436, 0.695718169212, 30.235261917114], [0.000000000000, 0.000000000000, 0.000000000000, 1.000000000000]],
    "24.obj": [[0.999977052212, 0.006740566343, 0.000679083634, -0.315694242716], [-0.005820102058, 0.906052350998, -0.423125594854, -0.165937677026], [-0.003467391478, 0.423111915588, 0.906070768833, 32.319751739502], [0.000000000000, 0.000000000000, 0.000000000000, 1.000000000000]],
    "25.obj": [[0.983959138393, 0.014696783386, -0.177787497640, 2.986822128296], [-0.094404578209, 0.888515472412, -0.449030041695, 9.190449714661], [0.151367649436, 0.458611190319, 0.875650405884, 23.422523498535], [0.000000000000, 0.000000000000, 0.000000000000, 1.000000000000]],
    "26.obj": [[-0.813534856827, 0.462384110244, -0.352649927438, 3.133311892071], [-0.536078365687, -0.361324377048, 0.762931635465, -5.592285048914], [0.225346450094, 0.809719475587, 0.541824093489, 75.032104587661], [0.000000000000, 0.000000000000, 0.000000000000, 1.000000000000]],
    "27.obj": [[0.999203324318, -0.018444977701, -0.035391386598, -0.475677430630], [0.002823655494, 0.917242109776, -0.398320198059, 0.757656276226], [0.039809476584, 0.397902905941, 0.916563391685, 38.853641510010], [0.000000000000, 0.000000000000, 0.000000000000, 1.000000000000]],
    "28.obj": [[0.004992065810, -0.539157359814, 0.842190252043, -11.523495094282], [-0.442549002286, 0.754045291589, 0.485351500264, -0.107607588414], [0.896730427640, 0.375133362407, 0.234839307941, 42.926468039708], [0.000000000000, 0.000000000000, 0.000000000000, 1.000000000000]],